{
  "active": true, 
  "find_videos": {
    "ignore_urls": [], 
    "patterns": [
      {
        "url": "http://abysstream.com/v/\\1", 
        "pattern": "http://abysstream.com/videos?/([A-Za-z0-9]+)"
      }
    ]
  }, 
  "free": true, 
  "id": "abysstream", 
  "name": "abysstream", 
  "settings": [
    {
      "default": false,
      "enabled": true,
      "id": "black_list",
      "label": "@60654",
      "type": "bool",
      "visible": true
    },
    {
      "default": 0,
      "enabled": true,
      "id": "favorites_servers_list",
      "label": "@60655",
      "lvalues": [
        "No",
        "1",
        "2",
        "3",
        "4",
        "5"
      ],
      "type": "list",
      "visible": false
    }
  ], 
  "thumbnail": "http://media.tvalacarta.info/servers/server_abysstream.png", 
  "premium": {
    "value": "realdebrid"
  }, 
  "version": "4", 
  "update_url": "https://raw.githubusercontent.com/stesev1/channels/master/servers/", 
  "changes": [
    {
      "autor": null, 
      "date": "14/11/2018", 
      "description": "Version inicial"
    }
  ]
}