{
  "active": true, 
  "find_videos": {
    "ignore_urls": [], 
    "patterns": [
      {
        "url": "http://akvideo.stream/\\1",
        "pattern": "akvideo.stream/?(?:/video/|embed-)([a-z0-9A-Z]+)"
      }
    ]
  }, 
  "free": true, 
  "id": "akstream", 
  "name": "akstream", 
  "settings": [
    {
      "default": false,
      "enabled": true,
      "id": "black_list",
      "label": "@60654",
      "type": "bool",
      "visible": true
    },
    {
      "default": 0,
      "enabled": true,
      "id": "favorites_servers_list",
      "label": "@60655",
      "lvalues": [
        "No",
        "1",
        "2",
        "3",
        "4",
        "5"
      ],
      "type": "list",
      "visible": false
    }
  ], 
  "thumbnail": "http://media.tvalacarta.info/servers/server_akstream.png",
  "version": "4", 
  "update_url": "https://raw.githubusercontent.com/stesev1/channels/master/servers/", 
  "changes": [
    {
      "autor": "",
      "date": "25/03/2016", 
      "description": "Version inicial"
    }
  ]
}