{
  "active": true, 
  "find_videos": {
    "ignore_urls": [], 
    "patterns": [
      {
        "url": "http://www.auroravid.to/embed/?v=\\1", 
        "pattern": "(?:embed.|)auroravid.to/(?:video/|embed/\\?v=)([A-z0-9]{13})"
      }
    ]
  }, 
  "free": true, 
  "id": "auroravid", 
  "name": "auroravid", 
  "settings": [
    {
      "default": false,
      "enabled": true,
      "id": "black_list",
      "label": "@60654",
      "type": "bool",
      "visible": true
    },
    {
      "default": 100,
      "enabled": true,
      "id": "favorites_servers_list",
      "label": "@60655",
      "lvalues": [
        "No",
        "1",
        "2",
        "3",
        "4",
        "5"
      ],
      "type": "list",
      "visible": false
    }
  ], 
  "thumbnail": "http://media.tvalacarta.info/servers/server_auroravid.png", 
  "premium": null, 
  "version": "3", 
  "update_url": "https://raw.githubusercontent.com/stesev1/channels/master/servers/", 
  "changes": [
    [
      {
        "autor": "Cmos", 
        "date": "21/03/2017", 
        "description": "Conector corregido"
      }, 
      {
        "autor": null, 
        "date": "25/03/2016", 
        "description": "Version incial"
      }
    ]
  ]
}