{
  "active": false,
  "find_videos": {
    "ignore_urls": [], 
    "patterns": [
      [
        {
          "url": "\\1", 
          "pattern": "(http://www.(?:videoweed|bitvid)\\.[a-z]+/file/[a-zA-Z0-9]+)"
        }, 
        {
          "url": "\\1", 
          "pattern": "(http://embed.(?:videoweed|bitvid)\\.[a-z]+/embed.php?v=[a-zA-Z0-9]+)"
        }
      ]
    ]
  }, 
  "free": true, 
  "id": "bitvidsx", 
  "name": "bitvidsx", 
  "settings": [
    {
      "default": false,
      "enabled": true,
      "id": "black_list",
      "label": "@60654",
      "type": "bool",
      "visible": true
    },
    {
      "default": 0,
      "enabled": true,
      "id": "favorites_servers_list",
      "label": "@60655",
      "lvalues": [
        "No",
        "1",
        "2",
        "3",
        "4",
        "5"
      ],
      "type": "list",
      "visible": false
    }
  ], 
  "thumbnail": "http://media.tvalacarta.info/servers/server_bitvidsx.png", 
  "version": "3",
  "update_url": "https://raw.githubusercontent.com/stesev1/channels/master/servers/", 
  "changes": [
    [
      {
        "autor": "Cmos", 
        "date": "21/03/2017", 
        "description": "Conector corregido"
      }, 
      {
        "autor": null, 
        "date": "25/03/2016", 
        "description": "Version incial"
      }
    ]
  ]
}