{
  "active": true, 
  "find_videos": {
    "ignore_urls": [], 
    "patterns": [
      {
        "url": "https://cloudifer.net/embed/\\1", 
        "pattern": "(?:\\/\\/|\\.)cloudifer.\\w+\\/(?:embed(?:\\/))?([a-zA-Z0-9]+)"
      }
    ]
  }, 
  "free": true, 
  "id": "cloudifer", 
  "name": "cloudifer", 
  "settings": [
    {
      "default": false,
      "enabled": true,
      "id": "black_list",
      "label": "@60654",
      "type": "bool",
      "visible": true
    },
    {
      "default": 100,
      "enabled": true,
      "id": "favorites_servers_list",
      "label": "@60655",
      "lvalues": [
        "No",
        "1",
        "2",
        "3",
        "4",
        "5"
      ],
      "type": "list",
      "visible": false
    }
  ], 
  "thumbnail": "https://cloudifer.net/themes/gravity_blue/images/main_logo_inverted.png", 
  "premium": {
    "value": "realdebrid"
  }, 
  "version": "5", 
  "update_url": "https://raw.githubusercontent.com/stesev1/channels/master/servers/", 
  "changes": [
    {
      "autor": null, 
      "date": "18/11/2018", 
      "description": "Version inicial"
    }
  ]
}