{
  "active": true, 
  "find_videos": {
    "ignore_urls": [], 
    "patterns": [
      {
        "url": "https://www.cloudy.ec/embed.php?id=\\1", 
        "pattern": "cloudy.ec/(?:embed.php\\?id=|v/)([A-z0-9]+)"
      }
    ]
  }, 
  "free": true, 
  "id": "cloudy", 
  "name": "cloudy", 
  "settings": [
    {
      "default": false,
      "enabled": true,
      "id": "black_list",
      "label": "@60654",
      "type": "bool",
      "visible": true
    },
    {
      "default": 100,
      "enabled": true,
      "id": "favorites_servers_list",
      "label": "@60655",
      "lvalues": [
        "No",
        "1",
        "2",
        "3",
        "4",
        "5"
      ],
      "type": "list",
      "visible": false
    }
  ], 
  "thumbnail": "http://media.tvalacarta.info/servers/server_cloudy.png", 
  "premium": null, 
  "version": "3", 
  "update_url": "https://raw.githubusercontent.com/stesev1/channels/master/servers/", 
  "changes": [
    [
      {
        "autor": "Cmos", 
        "date": "05/03/2017", 
        "description": "Corregido por cambios en el servidor"
      }, 
      {
        "autor": "supkk", 
        "date": "03/04/2016", 
        "description": "Version inicial"
      }
    ]
  ]
}