{
  "active": true, 
  "find_videos": {
    "ignore_urls": [], 
    "patterns": [
      {
        "url": "http://exashare.com/embed-\\1.html", 
        "pattern": "//(?:www\\.)?exashare\\.com/(?:embed-)?(?!make)(?!image)(?!login)(?!contact)(?!player)([0-9A-Za-z]+)(?:\\-[0-9]+x[0-9]+\\.html)?"
      }
    ]
  }, 
  "free": true, 
  "id": "exashare", 
  "name": "exashare", 
  "settings": [
    {
      "default": false,
      "enabled": true,
      "id": "black_list",
      "label": "@60654",
      "type": "bool",
      "visible": true
    },
    {
      "default": 100,
      "enabled": true,
      "id": "favorites_servers_list",
      "label": "@60655",
      "lvalues": [
        "No",
        "1",
        "2",
        "3",
        "4",
        "5"
      ],
      "type": "list",
      "visible": false
    }
  ], 
  "thumbnail": "http://media.tvalacarta.info/servers/server_exashare.png", 
  "premium": {
    "value": "realdebrid"
  }, 
  "version": "4", 
  "update_url": "https://raw.githubusercontent.com/stesev1/channels/master/servers/", 
  "changes": [
    {
      "autor": null, 
      "date": "25/03/2016", 
      "description": "Version inicial"
    }
  ]
}