{
  "active": true, 
  "find_videos": {
    "ignore_urls": [], 
    "patterns": [
      {
        "url": "http://filez.tv/embed/u=\\1", 
        "pattern": "filez.tv/(?:embed/u=)?([A-z0-9]+)"
      }
    ]
  }, 
  "free": true, 
  "id": "filez", 
  "name": "filez", 
  "settings": [
    {
      "default": false,
      "enabled": true,
      "id": "black_list",
      "label": "@60654",
      "type": "bool",
      "visible": true
    },
    {
      "default": 100,
      "enabled": true,
      "id": "favorites_servers_list",
      "label": "@60655",
      "lvalues": [
        "No",
        "1",
        "2",
        "3",
        "4",
        "5"
      ],
      "type": "list",
      "visible": false
    }
  ], 
  "thumbnail": "http://i.imgur.com/HasfjUH.png", 
  "premium": null, 
  "version": "4", 
  "update_url": "https://raw.githubusercontent.com/stesev1/channels/master/servers/", 
  "changes": [
    [
      {
        "autor": "Cmos", 
        "date": "12/04/2017", 
        "description": "Corregido por cambios"
      }, 
      {
        "autor": "Cmos", 
        "date": "27/02/2017", 
        "description": "Primera version"
      }
    ]
  ]
}