{
  "active": true, 
  "find_videos": {
    "ignore_urls": [], 
    "patterns": [
      {
        "url": "http://letwatch.to/embed-\\1.html", 
        "pattern": "letwatch.(?:us|to)/(?:embed-|)([a-z0-9A-Z]+)(?:.html|)"
      }
    ]
  }, 
  "free": true, 
  "id": "letwatch", 
  "name": "letwatch", 
  "settings": [
    {
      "default": false,
      "enabled": true,
      "id": "black_list",
      "label": "@60654",
      "type": "bool",
      "visible": true
    },
    {
      "default": 100,
      "enabled": true,
      "id": "favorites_servers_list",
      "label": "@60655",
      "lvalues": [
        "No",
        "1",
        "2",
        "3",
        "4",
        "5"
      ],
      "type": "list",
      "visible": false
    }
  ], 
  "thumbnail": "http://media.tvalacarta.info/servers/server_letwatch.png", 
  "premium": null, 
  "version": "3", 
  "update_url": "https://raw.githubusercontent.com/stesev1/channels/master/servers/", 
  "changes": [
    {
      "autor": null, 
      "date": "04/06/2016", 
      "description": "Reparado porque a veces devuelve enlace directo al video y no ofuscado"
    }
  ]
}