{
  "active": false,
  "find_videos": {
    "ignore_urls": [], 
    "patterns": [
      [
        {
          "url": "http://nosvideo.com/vj/videomain.php?u=\\1==530", 
          "pattern": "nosvideo.com/(?:\\?v=|vj/video.php\\?u=|)([a-z0-9]+)"
        }, 
        {
          "url": "http://nosvideo.com\\1", 
          "pattern": "nosupload.com(/\\?v\\=[a-z0-9]+)"
        }
      ]
    ]
  }, 
  "free": true, 
  "id": "nosvideo", 
  "name": "nosvideo", 
  "settings": [
    {
      "default": false,
      "enabled": true,
      "id": "black_list",
      "label": "@60654",
      "type": "bool",
      "visible": true
    },
    {
      "default": 100,
      "enabled": true,
      "id": "favorites_servers_list",
      "label": "@60655",
      "lvalues": [
        "No",
        "1",
        "2",
        "3",
        "4",
        "5"
      ],
      "type": "list",
      "visible": false
    }
  ], 
  "thumbnail": "http://media.tvalacarta.info/servers/server_nosvideo.png",
  "version": "3", 
  "update_url": "https://raw.githubusercontent.com/stesev1/channels/master/servers/", 
  "changes": [
    {
      "autor": "",
      "date": "18/11/2018", 
      "description": "Version incial"
    }
  ]
}