{
  "active": true, 
  "find_videos": {
    "ignore_urls": {
      "value": [
        "http://streamin.to/embed-theme.html", 
        "http://streamin.to/embed-jquery.html", 
        "http://streamin.to/embed-s.html", 
        "http://streamin.to/embed-images.html", 
        "http://streamin.to/embed-faq.html", 
        "http://streamin.to/embed-embed.html", 
        "http://streamin.to/embed-ri.html", 
        "http://streamin.to/embed-d.html", 
        "http://streamin.to/embed-css.html", 
        "http://streamin.to/embed-js.html", 
        "http://streamin.to/embed-player.html", 
        "http://streamin.to/embed-cgi.html"
      ]
    }, 
    "patterns": [
      {
        "url": "http://streamin.to/embed-\\1.html", 
        "pattern": "streamin.to/(?:embed-)?([a-z0-9A-Z]+)"
      }
    ]
  }, 
  "free": true, 
  "id": {
    "value": [
      "streaminto", 
      "streamin"
    ]
  }, 
  "name": "streamin", 
  "settings": [
    {
      "default": false,
      "enabled": true,
      "id": "black_list",
      "label": "@60654",
      "type": "bool",
      "visible": true
    },
    {
      "default": 100,
      "enabled": true,
      "id": "favorites_servers_list",
      "label": "@60655",
      "lvalues": [
        "No",
        "1",
        "2",
        "3",
        "4",
        "5"
      ],
      "type": "list",
      "visible": false
    }
  ], 
  "thumbnail": "http://media.tvalacarta.info/servers/server_streaminto.png",
  "version": "8", 
  "update_url": "https://raw.githubusercontent.com/stesev1/channels/master/servers/", 
  "changes": [
    [
      {
        "autor": "Intel1", 
        "date": "22/06/2017", 
        "description": "Actualizado a httptools"
      }, 
      {
        "autor": null, 
        "date": "18/11/2018", 
        "description": "Version incial"
      }
    ]
  ]
}