{
  "id": "altadefinizione_bid", 
  "name": "AltaDefinizione", 
  "active": true, 
  "adult": false, 
  "language": [
    "ita"
  ], 
  "fanart": "https://gitlab.com/unicorn-addon/unicorn-addon/raw/574058a241c1772e0e4bedbf138e2a956f777025/images/background/background.jpg", 
  "thumbnail": "https://gitlab.com/unicorn-addon/unicorn-addon/raw/master/images/altadefinizione.png", 
  "banner": "https://gitlab.com/unicorn-addon/unicorn-addon/raw/master/images/altadefinizione.png", 
  "categories": [
    "movie", 
    "tvshow", 
    "top channel"
  ], 
  "settings": [
    {
      "id": "include_in_global_search", 
      "type": "bool", 
      "label": "Includi ricerca globale", 
      "default": true, 
      "enabled": true, 
      "visible": true
    }
  ], 
  "changes": "New Channel", 
  "date": "08/02/2019", 
  "version": "1", 
  "update_url": "https://gitlab.com/unicorn-addon/unicorn-addon/raw/f3165ab5832ca02a330cb1882f08c92f51863941/channels/"
}