{
  "id": "altastreaming", 
  "name": "Dexter Channel", 
  "active": true, 
  "adult": false, 
  "language": [
    "ita"
  ], 
  "fanart": "https://raw.githubusercontent.com/32Dexter/DexterRepo/master/Dexter%20Channel/dexter_wallpaper.jpg", 
  "thumbnail": "https://raw.githubusercontent.com/32Dexter/DexterRepo/master/Dexter%20Channel/dexter_channel.jpg", 
  "banner": "https://raw.githubusercontent.com/32Dexter/DexterRepo/master/Dexter%20Channel/dexter_channel.jpg", 
  "categories": [
    "movie", 
    "tvshow"
  ], 
  "settings": [
    {
      "id": "include_in_global_search", 
      "type": "bool", 
      "label": "Includi ricerca globale", 
      "default": false, 
      "enabled": false, 
      "visible": false
    }
  ], 
  "changes": "Dexter Channel", 
  "date": "11/01/2019", 
  "version": "13", 
  "update_url": "https://raw.githubusercontent.com/stesev1/channels/master/channels/"
}