{
  "id": "altadefinizionehd", 
  "name": "AltaDefinizione HD", 
  "active": true, 
  "adult": false, 
  "language": [
    "ita"
  ], 
  "fanart": "https://raw.githubusercontent.com/stesev1/channels/master/images/background/background.jpg", 
  "thumbnail": "https://raw.githubusercontent.com/stesev1/channels/master/images/altadefinizioneHD.png", 
  "banner": "https://raw.githubusercontent.com/stesev1/channels/master/images/altadefinizioneHD.png", 
  "categories": [
    "movie", 
    "vos"
  ], 
  "settings": [
    {
      "id": "include_in_global_search", 
      "type": "bool", 
      "label": "Includi ricerca globale", 
      "default": true, 
      "enabled": true, 
      "visible": true
    }
  ], 
  "changes": "Update website", 
  "date": "16/12/2018", 
  "version": "7", 
  "update_url": "https://raw.githubusercontent.com/stesev1/channels/master/channels/"
}