{
  "id": "altadefinizioneclub", 
  "name": "Altadefinizione Pink", 
  "active": false,
  "adult": false, 
  "language": [
    "ita"
  ], 
  "fanart": "https://raw.githubusercontent.com/stesev1/channels/master/images/background/background.jpg", 
  "thumbnail": "https://raw.githubusercontent.com/stesev1/channels/master/images/altadefinizioneclub.png", 
  "banner": "https://raw.githubusercontent.com/stesev1/channels/master/images/altadefinizioneclub.png", 
  "categories": [
    "movie"
  ], 
  "settings": [
    {
      "id": "include_in_global_search", 
      "type": "bool", 
      "label": "Includi ricerca globale", 
      "default": true, 
      "enabled": true, 
      "visible": true
    }
  ], 
  "changes": "Updated", 
  "date": "16/12/2018", 
  "version": "12", 
  "update_url": "https://raw.githubusercontent.com/stesev1/channels/master/channels/"
}