{
  "id": "altadefinizioneclick", 
  "name": "Altadefinizione Ink", 
  "active": false,
  "adult": false, 
  "language": [
    "ita"
  ], 
  "fanart": "https://raw.githubusercontent.com/stesev1/channels/master/images/background/background.jpg", 
  "thumbnail": "https://raw.githubusercontent.com/stesev1/channels/master/images/altadefinizioneclick.png", 
  "banner": "https://raw.githubusercontent.com/stesev1/channels/master/images/altadefinizioneclick.png", 
  "categories": [
    "movie", 
    "vos"
  ], 
  "settings": [
    {
      "id": "include_in_global_search", 
      "type": "bool", 
      "label": "Includi ricerca globale", 
      "default": false, 
      "enabled": false, 
      "visible": false
    }
  ], 
  "changes": "Update", 
  "date": "07/01/2019", 
  "version": "23", 
  "update_url": "https://raw.githubusercontent.com/stesev1/channels/master/channels/"
}