{
  "id": "animeworld",
  "name": "AnimeWorld",
  "active": true,
  "adult": false,
  "language": [
    "ita"
  ],
  "fanart": "https://raw.githubusercontent.com/stesev1/channels/master/images/background/background.jpg",
  "thumbnail": "https://raw.githubusercontent.com/stesev1/channels/master/images/animeworld.png",
  "banner": "https://raw.githubusercontent.com/stesev1/channels/master/images/animeworld.png",
  "categories": [
    "anime"
  ],
  "settings": [
    {
      "id": "include_in_global_search",
      "type": "bool",
      "label": "Includi ricerca globale",
      "default": "false",
      "enabled": "false",
      "visible": "false"
    },
    {
      "id": "include_in_newest_anime",
      "type": "bool",
      "label": "Includi in novità - Anime",
      "default": "true",
      "enabled": "true",
      "visible": "true"
    }
  ],
  "changes": "Update",
  "date": "16/12/2018",
  "version": "4",
  "update_url": "https://raw.githubusercontent.com/stesev1/channels/master/channels/"
}