{
  "id": "animeleggendari", 
  "name": "AnimeLeggendari", 
  "active": true, 
  "adult": false, 
  "language": [
    "ita"
  ], 
  "fanart": "https://raw.githubusercontent.com/stesev1/channels/master/images/background/background.jpg", 
  "thumbnail": "https://raw.githubusercontent.com/stesev1/channels/master/images/animeleggendari.png", 
  "banner": "https://raw.githubusercontent.com/stesev1/channels/master/images/animeleggendari.png", 
  "categories": [
    "anime"
  ], 
  "settings": [
    {
      "id": "include_in_global_search", 
      "type": "bool", 
      "label": "Includi ricerca globale", 
      "default": false, 
      "enabled": false, 
      "visible": false
    }
  ], 
  "changes": "New Channel", 
  "date": "16/12/2018", 
  "version": "3", 
  "update_url": "https://raw.githubusercontent.com/stesev1/channels/master/channels/"
}