{
  "id": "bleachportal", 
  "name": "BleachPortal", 
  "active": true, 
  "adult": false, 
  "language": [
    "ita"
  ], 
  "fanart": "http://i39.tinypic.com/35ibvcx.jpg", 
  "thumbnail": "https://raw.githubusercontent.com/stesev1/channels/master/images/bleach.png", 
  "banner": "", 
  "categories": [
    "anime"
  ], 
  "settings": [
    {
      "id": "include_in_global_search", 
      "type": "bool", 
      "label": "Includi ricerca globale", 
      "default": false, 
      "enabled": false, 
      "visible": true
    }
  ], 
  "changes": "Update", 
  "date": "16/12/2018", 
  "version": "5", 
  "update_url": "https://raw.githubusercontent.com/stesev1/channels/master/channels/"
}