{
  "id": "cinemalibero", 
  "name": "Cinema Libero", 
  "active": true, 
  "adult": false, 
  "language": [
    "ita"
  ], 
  "fanart": "https://raw.githubusercontent.com/stesev1/channels/master/images/background/background.jpg", 
  "thumbnail": "https://raw.githubusercontent.com/stesev1/channels/master/images/cinemalibero.png", 
  "banner": "https://raw.githubusercontent.com/stesev1/channels/master/images/cinemalibero.png", 
  "categories": [
    "movie", 
    "tvshow", 
    "anime"
  ], 
  "settings": [
    {
      "id": "include_in_global_search", 
      "type": "bool", 
      "label": "Includi ricerca globale", 
      "default": true, 
      "enabled": true, 
      "visible": true
    }
  ], 
  "changes": "Fix and Update", 
  "date": "01/01/2019", 
  "version": "25", 
  "update_url": "https://raw.githubusercontent.com/stesev1/channels/master/channels/"
}