{
  "id": "documentaristreamingdb", 
  "name": "Documentari Streaming DB", 
  "active": true, 
  "adult": false, 
  "language": [
    "ita"
  ], 
  "fanart": "https://raw.githubusercontent.com/stesev1/channels/master/images/background/background.jpg", 
  "thumbnail": "https://raw.githubusercontent.com/stesev1/channels/master/images/documentaristreamingdb.png", 
  "banner": "https://raw.githubusercontent.com/stesev1/channels/master/images/documentaristreamingdb.png", 
  "categories": [
    "documentary"
  ], 
  "settings": [
    {
      "id": "include_in_global_search", 
      "type": "bool", 
      "label": "Includi ricerca globale", 
      "default": "false", 
      "enabled": "false", 
      "visible": "false"
    }, 
    {
      "id": "include_in_newest_documentales", 
      "type": "bool", 
      "label": "Includi in novita' - Documentari",
      "default": "true", 
      "enabled": "true", 
      "visible": "true"
    }
  ], 
  "changes": "Updates", 
  "date": "07/01/2019", 
  "version": "9", 
  "update_url": "https://raw.githubusercontent.com/stesev1/channels/master/channels/"
}