{
  "id": "downloadme", 
  "name": "DownloadMe", 
  "active": true, 
  "adult": false, 
  "language": [
    "ita"
  ], 
  "fanart": "https://raw.githubusercontent.com/stesev1/channels/master/images/background/background.jpg", 
  "thumbnail": "https://raw.githubusercontent.com/stesev1/channels/master/images/downloadme.png", 
  "banner": "https://raw.githubusercontent.com/stesev1/channels/master/images/downloadme.png", 
  "categories": [
    "movie", 
    "vos"
  ], 
  "settings": [
    {
      "id": "include_in_global_search", 
      "type": "bool", 
      "label": "Includi ricerca globale", 
      "default": true, 
      "enabled": true, 
      "visible": true
    }
  ], 
  "changes": "update", 
  "date": "23/12/2018", 
  "version": "2", 
  "update_url": "https://raw.githubusercontent.com/stesev1/channels/master/channels/"
}