{
  "id": "dragonballforever", 
  "name": "DragonBallForever", 
  "active": true, 
  "adult": false, 
  "language": [
    "ita"
  ], 
  "fanart": "https://vignette.wikia.nocookie.net/dragonuniverse/images/7/72/Goku_vs_Beerus_wallpaper.png/revision/latest?cb=20151121015016", 
  "thumbnail": "https://raw.githubusercontent.com/stesev1/channels/master/images/dragonballforever.png", 
  "banner": "https://raw.githubusercontent.com/stesev1/channels/master/images/dragonballforever.png", 
  "categories": [
    "anime"
  ], 
  "settings": [
    {
      "id": "include_in_global_search", 
      "type": "bool", 
      "label": "Includi ricerca globale", 
      "default": false, 
      "enabled": false, 
      "visible": true
    }
  ], 
  "changes": "Update", 
  "date": "28/12/2018", 
  "version": "2", 
  "update_url": "https://raw.githubusercontent.com/stesev1/channels/master/channels/"
}