{
  "id": "dreamsub", 
  "name": "DreamSub", 
  "active": true, 
  "adult": false, 
  "language": [
    "ita"
  ], 
  "fanart": "https://raw.githubusercontent.com/stesev1/channels/master/images/background/background.jpg", 
  "thumbnail": "https://raw.githubusercontent.com/stesev1/channels/master/images/dreamsub.png", 
  "banner": "https://raw.githubusercontent.com/stesev1/channels/master/images/dreamsub.png", 
  "categories": [
    "anime", 
    "vos"
  ], 
  "settings": [
    {
      "id": "include_in_global_search", 
      "type": "bool", 
      "label": "Includi ricerca globale", 
      "default": "true", 
      "enabled": "true", 
      "visible": "true"
    }, 
    {
      "id": "include_in_newest_anime", 
      "type": "bool", 
      "label": "Includi in novit\u00e0 - Anime", 
      "default": "true", 
      "enabled": "true", 
      "visible": "true"
    }
  ], 
  "changes": "Update", 
  "date": "28/12/2018", 
  "version": "12", 
  "update_url": "https://raw.githubusercontent.com/stesev1/channels/master/channels/"
}