{
  "id": "filmsenzalimiti", 
  "name": "FilmSenzaLimiti Pink", 
  "active": true, 
  "adult": false, 
  "language": [
    "ita"
  ], 
  "fanart": "https://raw.githubusercontent.com/stesev1/channels/master/images/background/background.jpg", 
  "thumbnail": "https://raw.githubusercontent.com/stesev1/channels/master/images/filmsenzalimiti.png", 
  "banner": "https://raw.githubusercontent.com/stesev1/channels/master/images/filmsenzalimiti.png", 
  "categories": [
    "movie", 
    "top channels", 
    "tvshow"
  ], 
  "settings": [
    {
      "id": "include_in_global_search", 
      "type": "bool", 
      "label": "Includi ricerca globale", 
      "default": "true", 
      "enabled": "true", 
      "visible": "true"
    }, 
    {
      "id": "include_in_newest_peliculas", 
      "type": "bool", 
      "label": "Includi in novita' - film",
      "default": "true", 
      "enabled": "true", 
      "visible": "true"
    }
  ], 
  "changes": "Updates", 
  "date": "08/01/2019", 
  "version": "12", 
  "update_url": "https://raw.githubusercontent.com/stesev1/channels/master/channels/"
}