{
  "id": "filmperevolvere", 
  "name": "FilmPerEvolvere", 
  "active": true, 
  "adult": false, 
  "language": [
    "ita"
  ], 
  "fanart": "https://raw.githubusercontent.com/stesev1/channels/master/images/background/background.jpg", 
  "thumbnail": "https://raw.githubusercontent.com/stesev1/channels/master/images/filmperevolvere.png", 
  "banner": "https://raw.githubusercontent.com/stesev1/channels/master/images/filmperevolvere.png", 
  "categories": [
    "movie", 
    "cult"
  ], 
  "settings": [
    {
      "id": "include_in_global_search", 
      "type": "bool", 
      "label": "Incluir en busqueda global", 
      "default": "true", 
      "enabled": "true", 
      "visible": "true"
    }, 
    {
      "id": "include_in_newest_peliculas", 
      "type": "bool", 
      "label": "Includi in novita' - film",
      "default": "true", 
      "enabled": "true", 
      "visible": "true"
    }
  ], 
  "changes": "Update", 
  "date": "07/01/2019", 
  "version": "14", 
  "update_url": "https://raw.githubusercontent.com/stesev1/channels/master/channels/"
}