{
  "id": "filmpertutti",
  "name": "Filmpertutti",
  "active": true,
  "adult": false,
  "language": [
    "ita"
  ],
  "fanart": "https://raw.githubusercontent.com/stesev1/channels/master/images/background/background.jpg",
  "thumbnail": [
    "https://raw.githubusercontent.com/stesev1/channels/master/images/filmpertutti.png",
    "https://raw.githubusercontent.com/stesev1/channels/master/images/filmpertutti.png"
  ],
  "categories": [
    "movie",
    "tvshow",
    "top channels"
  ],
  "settings": [
    {
      "id": "include_in_global_search",
      "type": "bool",
      "label": "Includi ricerca globale",
      "default": "true",
      "enabled": "true",
      "visible": "true"
    },
    {
      "id": "include_in_newest_peliculas",
      "type": "bool",
      "label": "Includi in novit\u00e0 - film",
      "default": "true",
      "enabled": "true",
      "visible": "true"
    }
  ],
  "changes": "Update",
  "date": "31/12/2018",
  "version": "18",
  "update_url": "https://raw.githubusercontent.com/stesev1/channels/master/channels/"
}