{
  "id": "guardarefilm", 
  "name": "Guardarefilm", 
  "active": true, 
  "adult": false, 
  "language": [
    "ita"
  ], 
  "fanart": "https://raw.githubusercontent.com/stesev1/channels/master/images/background/background.jpg", 
  "thumbnail": "https://raw.githubusercontent.com/stesev1/channels/master/images/guardarefilm.png", 
  "banner": "https://raw.githubusercontent.com/stesev1/channels/master/images/guardarefilm.png", 
  "categories": [
    "tvshow", 
    "movie", 
    "anime"
  ], 
  "settings": [
    {
      "id": "include_in_global_search", 
      "type": "bool", 
      "label": "Includi ricerca globale", 
      "default": true, 
      "enabled": true, 
      "visible": true
    }
  ], 
  "changes": "Updates", 
  "date": "11/01/2019", 
  "version": "20", 
  "update_url": "https://raw.githubusercontent.com/stesev1/channels/master/channels/"
}