{
  "id": "guardogratis", 
  "name": "GuardoGratis", 
  "active": true, 
  "adult": false, 
  "language": [
    "ita"
  ], 
  "fanart": "https://raw.githubusercontent.com/stesev1/channels/master/images/background/background.jpg", 
  "thumbnail": "https://raw.githubusercontent.com/stesev1/channels/master/images/guardogratis.png", 
  "banner": "https://raw.githubusercontent.com/stesev1/channels/master/images/guardogratis.png", 
  "categories": [
    "movie", 
    "tvshow", 
    "top channels"
  ], 
  "settings": [
    {
      "id": "include_in_global_search", 
      "type": "bool", 
      "label": "Includi ricerca globale", 
      "default": true, 
      "enabled": true, 
      "visible": true
    }
  ], 
  "changes": "Update", 
  "date": "30/12/2018", 
  "version": "08", 
  "update_url": "https://raw.githubusercontent.com/stesev1/channels/master/channels/"
}