{
  "id": "hdblog", 
  "name": "Hdblog", 
  "active": true, 
  "adult": false, 
  "language": [
    "ita"
  ], 
  "fanart": "https://raw.githubusercontent.com/stesev1/channels/master/images/background/background.jpg", 
  "thumbnail": "https://raw.githubusercontent.com/stesev1/channels/master/images/hdblog.png", 
  "banner": "https://raw.githubusercontent.com/stesev1/channels/master/images/hdblog.png", 
  "categories": [
    "documentary"
  ], 
  "settings": [
    {
      "id": "include_in_global_search", 
      "type": "bool", 
      "label": "Includi ricerca globale", 
      "default": false, 
      "enabled": false, 
      "visible": false
    }
  ], 
  "changes": "update", 
  "date": "11/01/2019", 
  "version": "4", 
  "update_url": "https://raw.githubusercontent.com/stesev1/channels/master/channels/"
}