{
  "id": "hokutonoken", 
  "name": "Hokuto no Ken", 
  "active": true, 
  "adult": false, 
  "language": [
    "ita"
  ], 
  "fanart": "", 
  "thumbnail": "http://i.imgur.com/dn9ImTf.jpg", 
  "banner": "http://i.imgur.com/dn9ImTf.jpg", 
  "categories": [
    "saghe", 
    "anime"
  ], 
  "settings": [
    {
      "id": "include_in_global_search", 
      "type": "bool", 
      "label": "Includi ricerca globale", 
      "default": false, 
      "enabled": false, 
      "visible": true
    }
  ], 
  "changes": "update", 
  "date": "16/06/2016", 
  "version": "2", 
  "update_url": "https://raw.githubusercontent.com/stesev1/channels/master/channels/"
}