{
  "id": "ilcorsaronero",
  "name": "ilCorSaRoNeRo",
  "active": false,
  "adult": false,
  "language": ["ita"],
  "thumbnail": "grantorrent.jpg",
  "banner": "grantorrent.png",
  "fanart": "grantorrent.png",
  "categories": [
    "torrent",
    "movie",
    "tvshow",
    "vos"
  ],
  "settings": [
    {
      "id": "include_in_global_search",
      "type": "bool",
      "label": "Incluir en busqueda global",
      "default": true,
      "enabled": true,
      "visible": true
    },
    {
      "id": "modo_grafico",
      "type": "bool",
      "label": "Buscar información extra (TMDB)",
      "default": true,
      "enabled": true,
      "visible": true
    },
    {
      "id": "emergency_urls_torrents",
      "type": "bool",
      "label": "Se quieren guardar Torrents de Emergencia por si se cae la Web?",
      "default": true,
      "enabled": true,
      "visible": "!eq(-1,'No')"
    },
    {
      "id": "seleccionar_serie_temporada",
      "type": "list",
      "label": "Seleccionar agrupar por Serie o Temporada",
      "default": 0,
      "enabled": true,
      "visible": true,
      "lvalues": [
        "Temporada",
        "Serie"
      ]
    },
    {
      "id": "timeout_downloadpage",
      "type": "list",
      "label": "Timeout (segs.) en descarga de páginas o verificación de servidores",
      "default": 15,
      "enabled": true,
      "visible": true,
      "lvalues": [
        "None",
        "1",
        "2",
        "3",
        "4",
        "5",
        "6",
        "7",
        "8",
        "9",
        "10",
        "11",
        "12",
        "13",
        "14",
        "15"
      ]
    }
  ]
}