{
  "id": "ilgiramondo", 
  "name": "Il Giramondo", 
  "active": true, 
  "adult": false, 
  "language": [
    "ita"
  ], 
  "fanart": "https://raw.githubusercontent.com/stesev1/channels/master/images/background/background.jpg", 
  "thumbnail": "https://raw.githubusercontent.com/stesev1/channels/master/images/ilgiramondo.png", 
  "banner": "https://raw.githubusercontent.com/stesev1/channels/master/images/ilgiramondo.png", 
  "categories": [
    "documentary"
  ], 
  "settings": [
    {
      "id": "include_in_global_search", 
      "type": "bool", 
      "label": "Includi ricerca globale", 
      "default": false, 
      "enabled": false, 
      "visible": false
    }
  ], 
  "changes": "Updates", 
  "date": "11/01/2019", 
  "version": "2", 
  "update_url": "https://raw.githubusercontent.com/stesev1/channels/master/channels/"
}