{
  "id": "italiaserie", 
  "name": "Italia Serie", 
  "active": true, 
  "adult": false, 
  "language": [
    "ita"
  ], 
  "fanart": "https://raw.githubusercontent.com/stesev1/channels/master/images/background/background.jpg", 
  "thumbnail": "https://raw.githubusercontent.com/stesev1/channels/master/images/italiaserie.png", 
  "banner": "https://raw.githubusercontent.com/stesev1/channels/master/images/italiaserie.png", 
  "categories": [
    "tvshow"
  ], 
  "settings": [
    {
      "id": "include_in_global_search", 
      "type": "bool", 
      "label": "Includi ricerca globale", 
      "default": "true", 
      "enabled": "true", 
      "visible": "true"
    }, 
    {
      "id": "include_in_newest_series", 
      "type": "bool", 
      "label": "Includi in novit\u00e0 - Serie TV", 
      "default": "true", 
      "enabled": "true", 
      "visible": "true"
    }
  ], 
  "changes": "Updates", 
  "date": "08/01/2018", 
  "version": "9", 
  "update_url": "https://raw.githubusercontent.com/stesev1/channels/master/channels/"
}