{
  "id": "itastreaming", 
  "name": "ItaStreaming", 
  "active": true, 
  "adult": false, 
  "language": [
    "ita"
  ], 
  "fanart": "", 
  "thumbnail": "https://raw.githubusercontent.com/Zanzibar82/images/master/posters/itastreaming.png", 
  "banner": "https://raw.githubusercontent.com/Zanzibar82/images/master/posters/itastreaming.png", 
  "categories": [
    "movie"
  ], 
  "settings": [
    {
      "id": "include_in_global_search", 
      "type": "bool", 
      "label": "Includi ricerca globale", 
      "default": "true", 
      "enabled": "true", 
      "visible": "true"
    }, 
    {
      "id": "include_in_newest_peliculas", 
      "type": "bool", 
      "label": "Includi in novit\u00e0 - film", 
      "default": "true", 
      "enabled": "true", 
      "visible": "true"
    }
  ], 
  "changes": "Added newest", 
  "date": "27/07/2017", 
  "version": "8", 
  "update_url": "https://thegroove360channels.000webhostapp.com/channels"
}