{
  "id": "marapcana", 
  "name": "Marapcana", 
  "active": true, 
  "adult": false, 
  "language": [
    "ita"
  ], 
  "fanart": "", 
  "thumbnail": "http://marapcana.site/maraplogo7.png", 
  "banner": "", 
  "categories": [
    "movie", 
    "vos"
  ], 
  "settings": [
    {
      "id": "include_in_global_search", 
      "type": "bool", 
      "label": "Includi ricerca globale", 
      "default": true, 
      "enabled": true, 
      "visible": true
    }
  ], 
  "changes": "update", 
  "date": "13/04/2018", 
  "version": "1", 
  "update_url": "https://thegroove360channels.000webhostapp.com/channels"
}