{
  "id": "mediaempire",
  "name": "mediaempire",
  "active": true,
  "adult": false,
  "language": [
    "ita"
  ],
  "fanart": "https://raw.githubusercontent.com/stesev1/channels/master/images/background/background.jpg",
  "thumbnail": "https://www.androidaba.com/wp-content/uploads/2019/01/MediaEmpire-by-androidaba.com_.jpeg",
  "banner": "https://www.androidaba.com/wp-content/uploads/2019/01/MediaEmpire-by-androidaba.com_.jpeg",
  "categories": [
    "movie",
    "tvshow"
  ],
  "settings": [
    {
      "id": "include_in_global_search",
      "type": "bool",
      "label": "Includi ricerca globale",
      "default": true,
      "enabled": true,
      "visible": true
    }
  ],
  "changes": "Update and Fix",
  "date": "20/12/2018",
  "version": "34",
  "update_url": "https://raw.githubusercontent.com/stesev1/channels/master/channels/"
}