{
  "id": "mondolunatico_due", 
  "name": "MondoLunatico 2.0", 
  "active": true, 
  "adult": false, 
  "language": [
    "ita"
  ], 
  "fanart": "", 
  "thumbnail": "https://raw.githubusercontent.com/orione7/Pelis_images/master/banner/mondolunatico_new.png", 
  "banner": "https://raw.githubusercontent.com/orione7/Pelis_images/master/banner/mondolunatico_new.png", 
  "categories": [
    "movie", 
    "tvshow"
  ], 
  "settings": [
    {
      "id": "include_in_global_search", 
      "type": "bool", 
      "label": "Includi ricerca globale", 
      "default": true, 
      "enabled": true, 
      "visible": true
    }
  ], 
  "changes": "Update and Fix - Partial Fix", 
  "date": "11/09/2018", 
  "version": "13", 
  "update_url": "https://raw.githubusercontent.com/stesev1/channels/master/channels/"
}