{
  "id": "mondolunatico", 
  "name": "MondoLunatico", 
  "active": true, 
  "adult": false, 
  "language": [
    "ita"
  ], 
  "fanart": "", 
  "thumbnail": "https://raw.githubusercontent.com/orione7/Pelis_images/master/banner/mondolunatico.png", 
  "banner": "https://raw.githubusercontent.com/orione7/Pelis_images/master/banner/mondolunatico.png", 
  "categories": [
    "tvshow", 
    "movie"
  ], 
  "settings": [
    {
      "id": "include_in_global_search", 
      "type": "bool", 
      "label": "Includi ricerca globale", 
      "default": true, 
      "enabled": true, 
      "visible": true
    }
  ], 
  "changes": "Update and Fix", 
  "date": "09/01/2018", 
  "version": "12", 
  "update_url": "https://raw.githubusercontent.com/stesev1/channels/master/channels/"
}