{
  "id": "mondoserietv", 
  "name": "MondoSerieTV", 
  "active": true, 
  "adult": false, 
  "language": [
    "ita"
  ], 
  "fanart": "", 
  "thumbnail": "https://raw.githubusercontent.com/stesev1/channels/master/images/mondoserietv.png", 
  "banner": "https://raw.githubusercontent.com/stesev1/channels/master/images/mondoserietv.png", 
  "categories": [
    "movie", 
    "tvshow", 
    "anime", 
    "top channels"
  ], 
  "settings": [
    {
      "id": "include_in_global_search", 
      "type": "bool", 
      "label": "Includi ricerca globale", 
      "default": true, 
      "enabled": true, 
      "visible": true
    }
  ], 
  "changes": "update", 
  "date": "20/12/2018", 
  "version": "39", 
  "update_url": "https://raw.githubusercontent.com/stesev1/channels/master/channels/"
}