{
  "id": "piratestreaming", 
  "name": "Pirate Streaming", 
  "active": true, 
  "adult": false, 
  "language": [
    "ita"
  ], 
  "fanart": "", 
  "thumbnail": "https://raw.githubusercontent.com/Zanzibar82/images/master/posters/piratestreaming.png", 
  "banner": "https://raw.githubusercontent.com/Zanzibar82/images/master/posters/piratestreaming.png", 
  "categories": [
    "movie", 
    "tvshow"
  ], 
  "settings": [
    {
      "id": "include_in_global_search", 
      "type": "bool", 
      "label": "Includi ricerca globale", 
      "default": true, 
      "enabled": true, 
      "visible": true
    }
  ], 
  "changes": "Fix", 
  "date": "07/09/2016", 
  "version": "6", 
  "update_url": "https://raw.githubusercontent.com/stesev1/channels/master/channels/"
}