{
  "id": "programmazione", 
  "name": "Programmazione", 
  "active": true, 
  "adult": false, 
  "language": [
    "ita"
  ], 
  "fanart": "", 
  "thumbnail": "http://www.smartworld.it/wp-content/uploads/2015/02/codice-code-programmazione-fhd-720x480.png", 
  "banner": "http://www.smartworld.it/wp-content/uploads/2015/02/codice-code-programmazione-fhd-720x480.png", 
  "categories": [
    "documentary"
  ], 
  "settings": [
    {
      "id": "include_in_global_search", 
      "type": "bool", 
      "label": "Includi ricerca globale", 
      "default": false, 
      "enabled": false, 
      "visible": false
    }
  ], 
  "changes": "update", 
  "date": "22/06/2016", 
  "version": "1", 
  "update_url": "https://thegroove360channels.000webhostapp.com/channels"
}