{
  "id": "ricettevideo", 
  "name": "Ricette Video", 
  "active": true, 
  "adult": false, 
  "language": [
    "ita"
  ], 
  "fanart": "", 
  "thumbnail": "http://ricettevideo.net/wp-content/uploads/2013/08/Ricette-Video-Logo.png", 
  "banner": "http://ricettevideo.net/wp-content/uploads/2013/08/Ricette-Video-Logo.png", 
  "categories": [
    "documentary"
  ], 
  "settings": [
    {
      "id": "include_in_global_search", 
      "type": "bool", 
      "label": "Includi ricerca globale", 
      "default": false, 
      "enabled": false, 
      "visible": false
    }
  ], 
  "changes": "update", 
  "date": "22/06/2016", 
  "version": "2", 
  "update_url": "https://thegroove360channels.000webhostapp.com/channels"
}