{
  "id": "saghe", 
  "name": "Saghe", 
  "active": true, 
  "adult": false, 
  "language": [
    "ita"
  ], 
  "fanart": "", 
  "thumbnail": "https://ideedaleggere.files.wordpress.com/2015/11/icona2.png?w=300&h=300&crop=1", 
  "banner": "https://ideedaleggere.files.wordpress.com/2015/11/icona2.png?w=300&h=300&crop=1", 
  "categories": [
    "saghe"
  ], 
  "settings": [
    {
      "id": "include_in_global_search", 
      "type": "bool", 
      "label": "Includi ricerca globale", 
      "default": false, 
      "enabled": false, 
      "visible": false
    }
  ], 
  "changes": "update", 
  "date": "22/06/2016", 
  "version": "4", 
  "update_url": "https://thegroove360channels.000webhostapp.com/channels"
}