{
  "id": "serietvsubita", 
  "name": "Serie TV Sub ITA", 
  "active": true, 
  "adult": false, 
  "language": [
    "ita"
  ], 
  "fanart": "", 
  "thumbnail": "https://raw.githubusercontent.com/Zanzibar82/images/master/posters/serietvsubita.png", 
  "banner": "https://raw.githubusercontent.com/Zanzibar82/images/master/posters/serietvsubita.png", 
  "categories": [
    "tvshow", 
    "vos", 
    "top channels"
  ], 
  "settings": [
    {
      "id": "include_in_global_search", 
      "type": "bool", 
      "label": "Incluir en busqueda global", 
      "default": true, 
      "enabled": true, 
      "visible": true
    }
  ], 
  "changes": "update", 
  "date": "22/06/2016", 
  "version": "5", 
  "update_url": "https://thegroove360channels.000webhostapp.com/channels"
}