{
  "id": "serietvonline", 
  "name": "SerieTv Online", 
  "active": true,
  "adult": false, 
  "language": [
    "ita"
  ], 
  "fanart": "", 
  "thumbnail": "https://raw.githubusercontent.com/orione7/Pelis_images/master/banner/serietvonline.png", 
  "banner": "https://raw.githubusercontent.com/orione7/Pelis_images/master/banner/serietvonline.png", 
  "categories": [
    "tvshow"
  ], 
  "settings": [
    {
      "id": "include_in_newest_series", 
      "type": "bool", 
      "default": true, 
      "enabled": true, 
      "visible": true
    }
  ], 
  "changes": "Update and Temporary Fix", 
  "date": "06/12/2018", 
  "version": "14", 
  "update_url": "https://raw.githubusercontent.com/stesev1/channels/master/channels/"
}