{
  "id": "serietvu", 
  "name": "SerieTVU", 
  "active": true, 
  "adult": false, 
  "language": [
    "ita"
  ], 
  "thumbnail": "http://www.serietvu.com/wp-content/themes/gurarjbar/images/logo.png", 
  "banner": "http://www.serietvu.com/wp-content/themes/gurarjbar/images/logo.png", 
  "categories": [
    "tvshow"
  ], 
  "settings": [
    {
      "id": "include_in_global_search", 
      "type": "bool", 
      "label": "Includi ricerca globale", 
      "default": "true", 
      "enabled": "true", 
      "visible": "true"
    }, 
    {
      "id": "include_in_newest_series", 
      "type": "bool", 
      "label": "Includi in novit\u00e0 - Serie TV", 
      "default": "true", 
      "enabled": "true", 
      "visible": "true"
    }
  ], 
  "changes": "Small Fix", 
  "date": "07/09/2017", 
  "version": "10", 
  "update_url": "https://raw.githubusercontent.com/stesev1/channels/master/channels/"
}