{
  "id": "streaminghd", 
  "name": "StreamingHD", 
  "active": true, 
  "adult": false, 
  "language": [
    "ita"
  ], 
  "fanart": "", 
  "thumbnail": "https://raw.githubusercontent.com/orione7/Pelis_images/master/banner/streaminghd.png", 
  "banner": "https://raw.githubusercontent.com/orione7/Pelis_images/master/banner/streaminghd.png", 
  "categories": [
    "movie", 
    "tvshow"
  ], 
  "settings": [
    {
      "id": "include_in_global_search", 
      "type": "bool", 
      "label": "Includi ricerca globale", 
      "default": true, 
      "enabled": true, 
      "visible": true
    }
  ], 
  "changes": "Temporary Fix", 
  "date": "10/11/2018", 
  "version": "07", 
  "update_url": "https://raw.githubusercontent.com/stesev1/channels/master/channels/"
}