{
  "id": "tantifilm", 
  "name": "Tantifilm", 
  "active": true, 
  "adult": false, 
  "language": [
    "ita"
  ], 
  "fanart": "https://raw.githubusercontent.com/stesev1/channels/master/images/background/background.jpg", 
  "thumbnail": "https://raw.githubusercontent.com/stesev1/channels/master/images/tantifilm.png", 
  "banner": "https://raw.githubusercontent.com/stesev1/channels/master/images/tantifilm.png", 
  "categories": [
    "movie", 
    "tvshow", 
    "anime"
  ], 
  "settings": [], 
  "changes": "Update", 
  "date": "30/12/2018", 
  "version": "24", 
  "update_url": "https://raw.githubusercontent.com/stesev1/channels/master/channels/"
}