{
  "id": "umsfunsub", 
  "name": "UMSFunSub", 
  "active": true, 
  "adult": false, 
  "language": [
    "ita"
  ], 
  "fanart": "", 
  "thumbnail": "http://www.hiumi.it/public/forum/styles/art_deluxe/imageset/logo.png", 
  "banner": "http://www.hiumi.it/public/forum/styles/art_deluxe/imageset/logo.png", 
  "categories": [
    "anime"
  ], 
  "settings": [
    {
      "id": "include_in_global_search", 
      "type": "bool", 
      "label": "Includi ricerca globale", 
      "default": false, 
      "enabled": false, 
      "visible": true
    }
  ], 
  "changes": "Small Fix", 
  "date": "24/05/2017", 
  "version": "3", 
  "update_url": "https://thegroove360channels.000webhostapp.com/channels"
}