{
  "id": "videotecaprojectru", 
  "name": "VideotecaProject Ru", 
  "active": true, 
  "adult": false, 
  "language": [
    "ita"
  ], 
  "fanart": "https://raw.githubusercontent.com/stesev1/channels/master/images/background/background.jpg", 
  "thumbnail": "https://raw.githubusercontent.com/stesev1/channels/master/images/videotecaprojectru.png", 
  "banner": "https://raw.githubusercontent.com/stesev1/channels/master/images/videotecaprojectru.png", 
  "categories": [
    "movie", 
    "tvshow"
  ], 
  "settings": [
    {
      "id": "include_in_global_search", 
      "type": "bool", 
      "label": "Includi ricerca globale", 
      "default": true, 
      "enabled": true, 
      "visible": true
    }
  ], 
  "changes": "Update", 
  "date": "31/12/2018", 
  "version": "2", 
  "update_url": "https://raw.githubusercontent.com/stesev1/channels/master/channels/"
}